COUNTRY,ISO3,WHO_REGION,DATA_SOURCE,DATE_UPDATED,TOTAL_VACCINATIONS,PERSONS_VACCINATED_1PLUS_DOSE,TOTAL_VACCINATIONS_PER100,PERSONS_VACCINATED_1PLUS_DOSE_PER100,PERSONS_FULLY_VACCINATED,PERSONS_FULLY_VACCINATED_PER100,VACCINES_USED,FIRST_VACCINE_DATE,NUMBER_VACCINES_TYPES_USED
Afghanistan,AFG,EMRO,REPORTING,2/27/2022,5535254,4907058,14.219,12.605,4231984,10.871,"Beijing CNBG - BBIBP-CorV,Janssen - Ad26.COV 2-S,Pfizer BioNTech - Comirnaty,SII - Covishield",2/22/2021,4
Albania,ALB,EURO,REPORTING,2/20/2022,2707658,1284034,94.1,45.118,1192155,41.889,"AstraZeneca - Vaxzevria,Gamaleya - Gam-Covid-Vac,Pfizer BioNTech - Comirnaty,SII - Covishield,Sinovac - CoronaVac",1/13/2021,5
Algeria,DZA,AFRO,REPORTING,2/20/2022,13631683,7456361,31.086,17.004,6076272,13.857,"Beijing CNBG - BBIBP-CorV,Gamaleya - Gam-Covid-Vac,SII - Covishield,Sinovac - CoronaVac",1/30/2021,4
American Samoa,ASM,WPRO,REPORTING,2/16/2022,85050,42212,154.084,76.475,37805,68.491,"Janssen - Ad26.COV 2-S,Moderna - Spikevax,Pfizer BioNTech - Comirnaty",12/21/2020,3
Andorra,AND,EURO,REPORTING,2/13/2022,142420,57797,184.3,75.872,53250,69.903,"AstraZeneca - Vaxzevria,Moderna - Spikevax,Pfizer BioNTech - Comirnaty",1/20/2021,3
Angola,AGO,AFRO,REPORTING,2/22/2022,16259606,10591264,49.472,32.225,5448403,16.577,SII - Covishield,3/10/2021,1
Anguilla,AIA,AMRO,REPORTING,2/25/2022,22165,10370,147.747,69.124,9531,63.532,"AstraZeneca - Vaxzevria,Pfizer BioNTech - Comirnaty",2/5/2021,2
Antigua and Barbuda,ATG,AMRO,REPORTING,2/25/2022,124726,63582,127.364,64.927,61144,62.437,"AstraZeneca - Vaxzevria,Beijing CNBG - BBIBP-CorV,Gamaleya - Gam-Covid-Vac,Janssen - Ad26.COV 2-S,Pfizer BioNTech - Comirnaty,SII - Covishield",3/1/2021,6
Argentina,ARG,AMRO,REPORTING,2/25/2022,93008081,40572052,205.789,89.77,36237826,80.18,"AstraZeneca - Vaxzevria,Beijing CNBG - BBIBP-CorV,CanSino - Convidecia,Gamaleya - Gam-Covid-Vac,Moderna - Spikevax,Pfizer BioNTech - Comirnaty,SII - Covishield",12/29/2020,7
Armenia,ARM,EURO,REPORTING,2/13/2022,1971565,1080404,66.5,36.46,872336,29.439,"AstraZeneca - Vaxzevria,Beijing CNBG - BBIBP-CorV,Gamaleya - Gam-Covid-Vac,Moderna - Spikevax,Sinovac - CoronaVac",6/16/2021,5
Aruba,ABW,AMRO,REPORTING,2/25/2022,167759,87350,157.128,81.814,80409,75.313,"Janssen - Ad26.COV 2-S,Pfizer BioNTech - Comirnaty",2/17/2021,2
Australia,AUS,WPRO,REPORTING,2/20/2022,53297217,21980295,209.01,86.198,20423361,80.092,"AstraZeneca - Vaxzevria,Janssen - Ad26.COV 2-S,Moderna - Spikevax,Novavax - Covavax,Pfizer BioNTech - Comirnaty",2/21/2021,5
Austria,AUT,EURO,REPORTING,2/20/2022,17855030,6791963,200.6,76.305,6547061,73.554,"AstraZeneca - Vaxzevria,Janssen - Ad26.COV 2-S,Moderna - Spikevax,Pfizer BioNTech - Comirnaty",12/30/2020,4
Azerbaijan,AZE,EURO,REPORTING,2/20/2022,12659541,5309691,124.9,52.368,4779944,47.143,"AstraZeneca - Vaxzevria,Gamaleya - Gam-Covid-Vac,Pfizer BioNTech - Comirnaty,Sinovac - CoronaVac",1/20/2021,4
Bahamas,BHS,AMRO,REPORTING,2/25/2022,327515,163061,83.285,41.466,153878,39.13,"AstraZeneca - Vaxzevria,Janssen - Ad26.COV 2-S,Pfizer BioNTech - Comirnaty,SII - Covishield",3/14/2021,4
Bahrain,BHR,EMRO,REPORTING,2/27/2022,3403616,1230675,200.027,72.326,1210164,71.12,"AstraZeneca - Vaxzevria,Beijing CNBG - BBIBP-CorV,Gamaleya - Gam-Covid-Vac,Gamaleya - Sputnik-Light,Janssen - Ad26.COV 2-S,Moderna - Spikevax,Pfizer BioNTech - Comirnaty,SII - Covishield",11/4/2020,8
Bangladesh,BGD,SEARO,REPORTING,2/22/2022,187806957,105005357,114.037,63.76,79460882,48.249,"AstraZeneca - Vaxzevria,Beijing CNBG - BBIBP-CorV,Gamaleya - Gam-Covid-Vac,Janssen - Ad26.COV 2-S,Moderna - Spikevax,Pfizer BioNTech - Comirnaty,SII - Covishield,Sinovac - CoronaVac",1/27/2021,8
Barbados,BRB,AMRO,REPORTING,2/25/2022,309125,159958,107.569,55.662,149167,51.907,"AstraZeneca - Vaxzevria,Beijing CNBG - BBIBP-CorV,Janssen - Ad26.COV 2-S,Pfizer BioNTech - Comirnaty,SII - Covishield",1/8/2021,5
Belarus,BLR,EURO,REPORTING,2/20/2022,10649534,5528298,112.7,58.505,4632574,49.025,"Beijing CNBG - BBIBP-CorV,Gamaleya - Gam-Covid-Vac",2/3/2021,2
Belgium,BEL,EURO,REPORTING,2/20/2022,24601511,9199837,213.5,79.843,9038321,78.441,"AstraZeneca - Vaxzevria,Janssen - Ad26.COV 2-S,Moderna - Spikevax,Pfizer BioNTech - Comirnaty",12/30/2020,4
Belize,BLZ,AMRO,REPORTING,2/25/2022,458351,234370,115.271,58.942,206583,51.954,"AstraZeneca - Vaxzevria,Beijing CNBG - BBIBP-CorV,Janssen - Ad26.COV 2-S,Pfizer BioNTech - Comirnaty,SII - Covishield",3/1/2021,5
Benin,BEN,AFRO,REPORTING,2/22/2022,2788620,2591583,23.002,21.377,2013843,16.611,"AstraZeneca - Vaxzevria,Janssen - Ad26.COV 2-S,Pfizer BioNTech - Comirnaty,SII - Covishield,Sinovac - CoronaVac",3/29/2021,5
Bermuda,BMU,AMRO,REPORTING,2/25/2022,124342,46961,199.672,75.411,46119,74.059,"AstraZeneca - Vaxzevria,Pfizer BioNTech - Comirnaty",1/11/2021,2
Bhutan,BTN,SEARO,REPORTING,2/20/2022,1584463,596419,205.346,77.296,574529,74.459,"AstraZeneca - Vaxzevria,Beijing CNBG - BBIBP-CorV,Moderna - Spikevax,Pfizer BioNTech - Comirnaty,SII - Covishield",3/27/2021,5
Bolivia (Plurinational State of),BOL,AMRO,REPORTING,2/25/2022,12606278,6944412,107.995,59.491,5614579,48.099,"Beijing CNBG - BBIBP-CorV,Gamaleya - Gam-Covid-Vac,Janssen - Ad26.COV 2-S,Moderna - Spikevax,Pfizer BioNTech - Comirnaty,SII - Covishield",1/30/2021,6
Bonaire,XAA,AMRO,REPORTING,2/25/2022,33014,17366,157.848,83.031,15648,74.817,,,
"Bonaire, Sint Eustatius and Saba",BES,AMRO,REPORTING,4/9/2021,7391,5726,28.441,22.034,2965,11.41,"Moderna - Spikevax,Pfizer BioNTech - Comirnaty",2/22/2021,2
Bosnia and Herzegovina,BIH,EURO,REPORTING,1/29/2022,1924950,943394,58.7,28.755,846080,25.789,"AstraZeneca - AZD1222, Pfizer BioNTech - Comirnaty, Sinovac - CoronaVac, Gamaleya - Sputnik V",,4
Botswana,BWA,AFRO,REPORTING,2/25/2022,1422523,1422523,60.491,60.491,1162835,49.448,"Bharat - Covaxin,Janssen - Ad26.COV 2-S,Moderna - Spikevax,Pfizer BioNTech - Comirnaty,SII - Covishield,Sinovac - CoronaVac",3/26/2021,6
Brazil,BRA,AMRO,REPORTING,2/25/2022,369527744,172334091,173.847,81.076,148777530,69.993,"AstraZeneca - Vaxzevria,Janssen - Ad26.COV 2-S,Pfizer BioNTech - Comirnaty,SII - Covishield,Sinovac - CoronaVac",1/17/2021,5
British Virgin Islands,VGB,AMRO,REPORTING,2/25/2022,36610,18923,121.077,62.582,17325,57.297,"AstraZeneca - Vaxzevria,Janssen - Ad26.COV 2-S",2/11/2021,2
Brunei Darussalam,BRN,WPRO,REPORTING,2/18/2022,1026843,407565,234.718,93.162,404301,92.416,"AstraZeneca - Vaxzevria,Beijing CNBG - BBIBP-CorV,Janssen - Ad26.COV 2-S,Moderna - Spikevax,Pfizer BioNTech - Comirnaty",4/3/2021,5
Bulgaria,BGR,EURO,REPORTING,2/20/2022,4275051,2073249,61.5,29.825,2031747,29.228,"AstraZeneca - Vaxzevria,Janssen - Ad26.COV 2-S,Moderna - Spikevax,Pfizer BioNTech - Comirnaty",12/30/2020,4
Burkina Faso,BFA,AFRO,REPORTING,2/27/2022,2320456,2113440,11.101,10.111,1145006,5.478,"Beijing CNBG - BBIBP-CorV,Janssen - Ad26.COV 2-S,SII - Covishield",6/2/2021,3
Burundi,BDI,AFRO,REPORTING,2/24/2022,11101,9366,0.093,0.079,8790,0.074,Beijing CNBG - BBIBP-CorV,10/18/2021,1
Cabo Verde,CPV,AFRO,REPORTING,2/26/2022,704843,352330,126.773,63.37,297833,53.568,"Beijing CNBG - BBIBP-CorV,Moderna - Spikevax,Pfizer BioNTech - Comirnaty,SII - Covishield",3/18/2021,4
Cambodia,KHM,WPRO,REPORTING,2/18/2022,34191879,14391164,204.51,86.077,13815943,82.636,"AstraZeneca - Vaxzevria,Beijing CNBG - BBIBP-CorV,Janssen - Ad26.COV 2-S,Moderna - Spikevax,Pfizer BioNTech - Comirnaty,SII - Covishield,Sinovac - CoronaVac",2/10/2021,7
Cameroon,CMR,AFRO,REPORTING,2/22/2022,1267525,1068604,4.775,4.026,809698,3.05,"Beijing CNBG - BBIBP-CorV,Janssen - Ad26.COV 2-S,Pfizer BioNTech - Comirnaty,SII - Covishield",4/12/2021,4
Canada,CAN,AMRO,REPORTING,2/25/2022,80233844,32365984,212.584,85.756,30693702,81.325,"AstraZeneca - Vaxzevria,Janssen - Ad26.COV 2-S,Moderna - Spikevax,Pfizer BioNTech - Comirnaty,SII - Covishield",12/14/2020,5
Cayman Islands,CYM,AMRO,REPORTING,2/25/2022,143257,61502,217.981,93.582,59726,90.879,Pfizer BioNTech - Comirnaty,1/15/2021,1
Central African Republic,CAF,AFRO,REPORTING,2/25/2022,855735,775176,17.718,16.05,738466,15.29,"Bharat - Covaxin,SII - Covishield",3/19/2021,2
Chad,TCD,AFRO,REPORTING,2/18/2022,403992,271031,2.459,1.65,142452,0.867,Beijing CNBG - BBIBP-CorV,6/4/2021,1
Chile,CHL,AMRO,REPORTING,2/25/2022,48356547,17759193,252.961,92.901,17183623,89.89,"AstraZeneca - Vaxzevria,CanSino - Convidecia,Pfizer BioNTech - Comirnaty,Sinovac - CoronaVac",12/21/2020,4
China,CHN,WPRO,REPORTING,2/19/2022,3094069431,1276286864,210.297,86.746,1235534774,83.976,"Anhui ZL - Recombinant,Beijing CNBG - BBIBP-CorV,CanSino - Convidecia,IMB - Covidful,Pfizer BioNTech - Comirnaty,Shenzhen - LV-SMENP-DC,Sinovac - CoronaVac,Wuhan CNBG - Inactivated",7/22/2020,8
Colombia,COL,AMRO,REPORTING,2/25/2022,76733198,41253498,150.804,81.075,33371543,65.585,"AstraZeneca - Vaxzevria,Janssen - Ad26.COV 2-S,Moderna - Spikevax,Pfizer BioNTech - Comirnaty,Sinovac - CoronaVac",2/17/2021,5
Comoros,COM,AFRO,REPORTING,2/20/2022,637961,341102,73.362,39.225,301218,34.639,"Beijing CNBG - BBIBP-CorV,Bharat - Covaxin,SII - Covishield",4/10/2021,3
Congo,COG,AFRO,REPORTING,2/14/2022,812761,675865,14.729,12.248,635227,11.512,"Beijing CNBG - BBIBP-CorV,Gamaleya - Gam-Covid-Vac,Moderna - Spikevax,SII - Covishield",3/23/2021,4
Cook Islands,COK,WPRO,REPORTING,2/19/2022,36399,14571,207.236,82.959,12773,72.723,Pfizer BioNTech - Comirnaty,5/17/2021,1
Costa Rica,CRI,AMRO,REPORTING,2/25/2022,8970610,4152664,176.097,81.519,3787890,74.358,"AstraZeneca - Vaxzevria,Pfizer BioNTech - Comirnaty",12/24/2020,2
Côte d’Ivoire,CIV,AFRO,REPORTING,2/20/2022,9558981,5812567,36.238,22.035,3746414,14.203,"Beijing CNBG - BBIBP-CorV,Gamaleya - Gam-Covid-Vac,Janssen - Ad26.COV 2-S,Pfizer BioNTech - Comirnaty,SII - Covishield",3/1/2021,5
Croatia,HRV,EURO,REPORTING,2/20/2022,5179921,2303242,127.6,56.789,2221948,54.753,"AstraZeneca - Vaxzevria,Janssen - Ad26.COV 2-S,Moderna - Spikevax,Pfizer BioNTech - Comirnaty",12/23/2020,4
Cuba,CUB,AMRO,REPORTING,2/25/2022,34926539,10604386,308.358,93.624,9875909,87.192,"CIGB - CIGB-66,Finlay - Soberana Plus,Finlay - Soberana-02",,3
Curaçao,CUW,AMRO,REPORTING,2/25/2022,244091,106676,148.752,65.009,98126,59.799,"AstraZeneca - Vaxzevria,Moderna - Spikevax,Pfizer BioNTech - Comirnaty",2/24/2021,3
Cyprus,CYP,EURO,REPORTING,2/20/2022,1706147,655735,192.1,73.844,652791,73.512,"AstraZeneca - Vaxzevria,Janssen - Ad26.COV 2-S,Moderna - Spikevax,Pfizer BioNTech - Comirnaty",12/23/2020,4
Czechia,CZE,EURO,REPORTING,2/20/2022,17288966,6935621,161.7,64.856,6830050,63.868,"AstraZeneca - Vaxzevria,Janssen - Ad26.COV 2-S,Moderna - Spikevax,Pfizer BioNTech - Comirnaty",12/23/2020,4
Democratic Republic of the Congo,COD,AFRO,REPORTING,2/22/2022,795810,703306,0.889,0.785,420737,0.47,SII - Covishield,4/19/2021,1
Denmark,DNK,EURO,REPORTING,2/20/2022,13160370,4842238,226,83.16,4746722,81.52,"AstraZeneca - Vaxzevria,Janssen - Ad26.COV 2-S,Moderna - Spikevax,Pfizer BioNTech - Comirnaty",12/16/2020,4
Djibouti,DJI,EMRO,REPORTING,2/21/2022,158306,137888,16.023,13.956,97891,9.908,"Beijing CNBG - BBIBP-CorV,Gamaleya - Gam-Covid-Vac,Janssen - Ad26.COV 2-S,Pfizer BioNTech - Comirnaty,SII - Covishield,Sinovac - CoronaVac",3/15/2021,6
Dominica,DMA,AMRO,REPORTING,2/25/2022,61649,32113,85.634,44.607,29536,41.027,"AstraZeneca - Vaxzevria,Beijing CNBG - BBIBP-CorV,Pfizer BioNTech - Comirnaty,SII - Covishield",2/12/2021,4
Dominican Republic,DOM,AMRO,REPORTING,2/25/2022,15173404,7110411,139.874,65.546,5855045,53.974,"AstraZeneca - Vaxzevria,SII - Covishield,Sinovac - CoronaVac",2/16/2021,3
Ecuador,ECU,AMRO,REPORTING,2/25/2022,31772830,14761254,180.087,83.666,13535095,76.716,"AstraZeneca - Vaxzevria,CanSino - Convidecia,Pfizer BioNTech - Comirnaty,Sinovac - CoronaVac",1/20/2021,4
Egypt,EGY,EMRO,REPORTING,2/26/2022,70684545,40772051,69.072,39.842,29953832,29.271,"AstraZeneca - Vaxzevria,Beijing CNBG - BBIBP-CorV,Gamaleya - Gam-Covid-Vac,Janssen - Ad26.COV 2-S,Pfizer BioNTech - Comirnaty,Sinovac - CoronaVac",1/24/2021,6
El Salvador,SLV,AMRO,REPORTING,2/25/2022,10174711,4540530,156.867,70.003,4262971,65.724,"AstraZeneca - Vaxzevria,Beijing CNBG - BBIBP-CorV,Moderna - Spikevax,Pfizer BioNTech - Comirnaty,SII - Covishield,Sinovac - CoronaVac",2/17/2021,6
Equatorial Guinea,GNQ,AFRO,REPORTING,2/14/2022,455655,251474,32.478,17.924,204181,14.553,"Beijing CNBG - BBIBP-CorV,Sinovac - CoronaVac",2/12/2021,2
Estonia,EST,EURO,REPORTING,2/20/2022,2010403,835907,151.3,62.899,830030,62.456,"AstraZeneca - Vaxzevria,Janssen - Ad26.COV 2-S,Moderna - Spikevax,Pfizer BioNTech - Comirnaty",12/23/2020,4
Eswatini,SWZ,AFRO,REPORTING,2/21/2022,490899,380363,42.313,32.785,336066,28.967,"Janssen - Ad26.COV 2-S,Pfizer BioNTech - Comirnaty,SII - Covishield",3/19/2021,3
Ethiopia,ETH,AFRO,REPORTING,2/27/2022,24061679,7762333,20.93,6.752,16054415,13.965,"Beijing CNBG - BBIBP-CorV,Bharat - Covaxin,Janssen - Ad26.COV 2-S,SII - Covishield",3/13/2021,4
Falkland Islands (Malvinas),FLK,AMRO,OWID,4/14/2021,4407,2632,126.529,75.567,1775,50.962,AstraZeneca - AZD1222,,1
Faroe Islands,FRO,EURO,OWID,2/18/2022,103894,41715,212.614,85.368,40895,83.69,"Moderna - mRNA-1273, Pfizer BioNTech - Comirnaty",,2
Fiji,FJI,WPRO,REPORTING,2/18/2022,1285412,666958,143.39,74.4,618454,68.99,"AstraZeneca - Vaxzevria,Moderna - Spikevax,SII - Covishield",3/7/2021,3
Finland,FIN,EURO,REPORTING,2/20/2022,11420891,4468653,206.7,80.876,4218421,76.347,"AstraZeneca - Vaxzevria,Janssen - Ad26.COV 2-S,Moderna - Spikevax,Pfizer BioNTech - Comirnaty",12/23/2020,4
France,FRA,EURO,REPORTING,2/20/2022,153013512,54700591,227.3,81.254,53687279,79.749,"AstraZeneca - Vaxzevria,Janssen - Ad26.COV 2-S,Moderna - Spikevax,Pfizer BioNTech - Comirnaty",12/30/2020,4
French Guiana,GUF,AMRO,REPORTING,2/25/2022,219105,95896,73.357,32.106,86248,28.876,"Moderna - Spikevax,Pfizer BioNTech - Comirnaty",1/13/2021,2
French Polynesia,PYF,WPRO,REPORTING,2/13/2022,347448,183013,123.687,65.151,164435,58.537,"Janssen - Ad26.COV 2-S,Pfizer BioNTech - Comirnaty",1/18/2021,2
Gabon,GAB,AFRO,REPORTING,2/9/2022,545642,299993,24.515,13.478,245649,11.037,"Beijing CNBG - BBIBP-CorV,Gamaleya - Gam-Covid-Vac,Pfizer BioNTech - Comirnaty",3/23/2021,3
Gambia,GMB,AFRO,REPORTING,2/16/2022,362079,330027,14.983,13.656,316887,13.113,"Beijing CNBG - BBIBP-CorV,SII - Covishield",3/10/2021,2
Georgia,GEO,EURO,REPORTING,2/13/2022,2567028,1255300,64.3,31.468,1131748,28.37,"AstraZeneca - Vaxzevria,Beijing CNBG - BBIBP-CorV,Pfizer BioNTech - Comirnaty,Sinovac - CoronaVac",3/17/2021,4
Germany,DEU,EURO,REPORTING,2/20/2022,169071638,63380508,203.3,76.209,62500884,75.151,"AstraZeneca - Vaxzevria,Janssen - Ad26.COV 2-S,Moderna - Spikevax,Pfizer BioNTech - Comirnaty",12/23/2020,4
Ghana,GHA,AFRO,REPORTING,2/25/2022,12511697,7721716,40.266,24.85,4789981,15.415,"Gamaleya - Gam-Covid-Vac,SII - Covishield",3/2/2021,2
Gibraltar,GIB,EURO,OWID,2/18/2022,112567,41705,334.116,123.787,40840,121.219,Pfizer BioNTech - Comirnaty,,1
Greece,GRC,EURO,REPORTING,2/20/2022,19946219,7828777,186.1,73.039,7543277,70.376,"AstraZeneca - Vaxzevria,Janssen - Ad26.COV 2-S,Moderna - Spikevax,Pfizer BioNTech - Comirnaty",12/23/2020,4
Greenland,GRL,EURO,OWID,2/14/2022,79703,41229,140.391,72.622,38474,67.769,Moderna - mRNA-1273,,1
Grenada,GRD,AMRO,REPORTING,2/25/2022,85891,42971,76.332,38.189,37460,33.291,"AstraZeneca - Vaxzevria,Janssen - Ad26.COV 2-S,Pfizer BioNTech - Comirnaty,SII - Covishield",2/15/2021,4
Guadeloupe,GLP,AMRO,REPORTING,2/25/2022,362639,146572,90.632,36.632,140020,34.994,"AstraZeneca - Vaxzevria,Janssen - Ad26.COV 2-S,Moderna - Spikevax,Pfizer BioNTech - Comirnaty",1/8/2021,6
Guam,GUM,WPRO,REPORTING,2/16/2022,317874,147421,188.342,87.348,133367,79.021,"Janssen - Ad26.COV 2-S,Moderna - Spikevax,Pfizer BioNTech - Comirnaty",1/4/2021,3
Guatemala,GTM,AMRO,REPORTING,2/25/2022,14535479,7184896,81.133,40.104,5608096,31.303,"AstraZeneca - Vaxzevria,Gamaleya - Gam-Covid-Vac,Moderna - Spikevax,Pfizer BioNTech - Comirnaty,SII - Covishield",2/25/2021,5
Guernsey,GGY,EURO,OWID,2/21/2022,147704,,229.112,,,,"Moderna - mRNA-1273, AstraZeneca - AZD1222, Pfizer BioNTech - Comirnaty",,3
Guinea,GIN,AFRO,REPORTING,2/26/2022,4772314,2888742,36.339,21.996,1883572,14.343,"Beijing CNBG - BBIBP-CorV,Gamaleya - Gam-Covid-Vac,Janssen - Ad26.COV 2-S,Pfizer BioNTech - Comirnaty,SII - Covishield,Sinovac - CoronaVac",3/5/2021,6
Guinea-Bissau,GNB,AFRO,REPORTING,2/27/2022,556675,514401,28.286,26.138,338139,17.182,"Beijing CNBG - BBIBP-CorV,SII - Covishield",4/2/2021,2
Guyana,GUY,AMRO,REPORTING,2/25/2022,863110,464288,109.733,59.028,349754,44.467,"AstraZeneca - Vaxzevria,Beijing CNBG - BBIBP-CorV,Gamaleya - Gam-Covid-Vac,Moderna - Spikevax,Pfizer BioNTech - Comirnaty,SII - Covishield",2/11/2021,6
Haiti,HTI,AMRO,REPORTING,2/25/2022,234119,151962,2.053,1.333,101391,0.889,"Janssen - Ad26.COV 2-S,Moderna - Spikevax",,2
Honduras,HND,AMRO,REPORTING,2/25/2022,11561083,5414940,116.724,54.671,4563441,46.074,"AstraZeneca - Vaxzevria,Gamaleya - Gam-Covid-Vac,Janssen - Ad26.COV 2-S,Moderna - Spikevax,Pfizer BioNTech - Comirnaty,SII - Covishield",2/26/2021,6
Hungary,HUN,EURO,REPORTING,2/20/2022,15916521,6326391,162.9,64.756,6102186,62.461,"AstraZeneca - Vaxzevria,Beijing CNBG - BBIBP-CorV,Gamaleya - Gam-Covid-Vac,Janssen - Ad26.COV 2-S,Moderna - Spikevax,Pfizer BioNTech - Comirnaty,Sinovac - CoronaVac",12/23/2020,7
Iceland,ISL,EURO,REPORTING,2/13/2022,785791,305549,215.8,83.911,294646,80.917,"AstraZeneca - Vaxzevria,Janssen - Ad26.COV 2-S,Moderna - Spikevax,Pfizer BioNTech - Comirnaty",12/30/2020,4
India,IND,SEARO,REPORTING,2/22/2022,1761575119,962123762,127.65,69.719,780102230,56.529,"Bharat - Covaxin,Gamaleya - Gam-Covid-Vac,Janssen - Ad26.COV 2-S,Moderna - Spikevax,SII - Covishield,Zydus - ZyCov-D",1/16/2021,6
Indonesia,IDN,SEARO,REPORTING,2/22/2022,340183405,189975128,124.371,69.455,141368343,51.684,"AstraZeneca - Vaxzevria,Beijing CNBG - BBIBP-CorV,Janssen - Ad26.COV 2-S,Moderna - Spikevax,Novavax - Covavax,Pfizer BioNTech - Comirnaty,Sinovac - CoronaVac",1/13/2021,7
Iran (Islamic Republic of),IRN,EMRO,REPORTING,2/27/2022,140619255,62728827,167.418,74.683,55408300,65.968,"AstraZeneca - Vaxzevria,Beijing CNBG - BBIBP-CorV,Bharat - Covaxin,Finlay - Soberana-02,Gamaleya - Gam-Covid-Vac,Shifa - COVIran Barakat",2/9/2021,6
Iraq,IRQ,EMRO,REPORTING,2/26/2022,16785945,9874526,41.733,24.55,6791628,16.885,"AstraZeneca - Vaxzevria,Beijing CNBG - BBIBP-CorV,Gamaleya - Gam-Covid-Vac,Pfizer BioNTech - Comirnaty",3/2/2021,4
Ireland,IRL,EURO,REPORTING,2/20/2022,10418205,4018239,209.9,80.94,3926851,79.1,"AstraZeneca - Vaxzevria,Janssen - Ad26.COV 2-S,Moderna - Spikevax,Pfizer BioNTech - Comirnaty",12/30/2020,4
Isle of Man,IMN,EURO,OWID,2/25/2022,187355,69384,220.335,81.598,66642,78.373,"Moderna - mRNA-1273, AstraZeneca - AZD1222, Pfizer BioNTech - Comirnaty",,3
Israel,ISR,EURO,REPORTING,2/13/2022,13765678,7046983,159,81.416,6366185,73.55,"AstraZeneca - Vaxzevria,Moderna - Spikevax,Pfizer BioNTech - Comirnaty",12/16/2020,3
Italy,ITA,EURO,REPORTING,2/20/2022,131126289,50198378,219.9,84.171,46795578,78.461,"AstraZeneca - Vaxzevria,Janssen - Ad26.COV 2-S,Moderna - Spikevax,Pfizer BioNTech - Comirnaty",12/23/2020,4
Jamaica,JAM,AMRO,REPORTING,2/25/2022,1353947,764769,45.723,25.827,648481,21.9,"AstraZeneca - Vaxzevria,Beijing CNBG - BBIBP-CorV,Janssen - Ad26.COV 2-S,Pfizer BioNTech - Comirnaty,SII - Covishield",3/10/2021,5
Japan,JPN,WPRO,REPORTING,2/17/2022,217642958,101571281,172.082,80.308,100062531,79.116,"AstraZeneca - Vaxzevria,Moderna - Spikevax,Novavax - Covavax,Pfizer BioNTech - Comirnaty",2/17/2021,4
Jersey,JEY,EURO,OWID,2/24/2022,221940,82582,205.889,76.61,78825,73.124,"Moderna - mRNA-1273, AstraZeneca - AZD1222, Pfizer BioNTech - Comirnaty",,3
Jordan,JOR,EMRO,REPORTING,2/23/2022,9491363,4662686,93.024,45.699,4336568,42.502,"AstraZeneca - Vaxzevria,Beijing CNBG - BBIBP-CorV,Gamaleya - Gam-Covid-Vac,Janssen - Ad26.COV 2-S,Moderna - Spikevax,Pfizer BioNTech - Comirnaty",1/13/2021,6
Kazakhstan,KAZ,EURO,REPORTING,2/20/2022,24149547,10110959,128.6,53.848,8159841,43.457,"Beijing CNBG - BBIBP-CorV,Gamaleya - Gam-Covid-Vac,Pfizer BioNTech - Comirnaty,RIBSP - QazVac,Sinovac - CoronaVac",4/7/2021,5
Kenya,KEN,AFRO,REPORTING,2/24/2022,16456660,7755463,30.605,14.423,7502696,13.953,"Beijing CNBG - BBIBP-CorV,Janssen - Ad26.COV 2-S,Moderna - Spikevax,Pfizer BioNTech - Comirnaty,SII - Covishield",3/5/2021,5
Kiribati,KIR,WPRO,REPORTING,2/19/2022,127916,76491,107.088,64.037,50428,42.217,"AstraZeneca - Vaxzevria,Beijing CNBG - BBIBP-CorV",5/26/2021,2
Kosovo,XKX,EURO,REPORTING,2/20/2022,1808756,899560,100.7,50.096,813185,45.286,"AstraZeneca - AZD1222, Pfizer BioNTech - Comirnaty",,2
Kuwait,KWT,EMRO,REPORTING,2/27/2022,7567520,3391299,177.202,79.411,3275680,76.704,"AstraZeneca - Vaxzevria,Beijing CNBG - BBIBP-CorV,Janssen - Ad26.COV 2-S,Moderna - Spikevax,Pfizer BioNTech - Comirnaty",12/28/2020,5
Kyrgyzstan,KGZ,EURO,REPORTING,2/20/2022,2492189,1320378,38.2,20.238,1110070,17.015,"AstraZeneca - Vaxzevria,Beijing CNBG - BBIBP-CorV,Gamaleya - Gam-Covid-Vac,Moderna - Spikevax,Pfizer BioNTech - Comirnaty,RIBSP - QazVac",3/31/2021,6
Lao People's Democratic Republic,LAO,WPRO,REPORTING,2/17/2022,8791236,4830440,120.832,66.393,4255830,58.495,"AstraZeneca - Vaxzevria,Beijing CNBG - BBIBP-CorV,Gamaleya - Gam-Covid-Vac,Gamaleya - Sputnik-Light,Janssen - Ad26.COV 2-S,Pfizer BioNTech - Comirnaty,SII - Covishield,Sinovac - CoronaVac",11/25/2020,8
Latvia,LVA,EURO,REPORTING,2/13/2022,2766743,1295877,145,67.93,1258746,65.983,"AstraZeneca - Vaxzevria,Janssen - Ad26.COV 2-S,Moderna - Spikevax,Pfizer BioNTech - Comirnaty",12/30/2020,4
Lebanon,LBN,EMRO,REPORTING,2/21/2022,5396565,2630036,79.065,38.533,2258778,33.093,"AstraZeneca - Vaxzevria,Beijing CNBG - BBIBP-CorV,Gamaleya - Gam-Covid-Vac,Pfizer BioNTech - Comirnaty",2/14/2021,4
Lesotho,LSO,AFRO,REPORTING,2/15/2022,857925,782175,40.048,36.512,727528,33.961,"Beijing CNBG - BBIBP-CorV,Janssen - Ad26.COV 2-S,SII - Covishield",3/10/2021,3
Liberia,LBR,AFRO,REPORTING,2/10/2022,1200630,1116709,23.739,22.079,1084591,21.444,SII - Covishield,4/1/2021,1
Libya,LBY,EMRO,REPORTING,2/27/2022,3308719,2151128,48.153,31.306,1086612,15.814,"AstraZeneca - Vaxzevria,Beijing CNBG - BBIBP-CorV,Gamaleya - Gam-Covid-Vac,Janssen - Ad26.COV 2-S,Moderna - Spikevax,Pfizer BioNTech - Comirnaty,Sinovac - CoronaVac",4/11/2021,7
Liechtenstein,LIE,OTHER,OWID,2/24/2022,70228,26706,181.248,68.924,26353,68.013,"Moderna - mRNA-1273, Pfizer BioNTech - Comirnaty",,2
Lithuania,LTU,EURO,REPORTING,2/20/2022,4432081,1944941,158.6,69.763,1890524,67.662,"AstraZeneca - Vaxzevria,Janssen - Ad26.COV 2-S,Moderna - Spikevax,Pfizer BioNTech - Comirnaty",12/23/2020,4
Luxembourg,LUX,EURO,REPORTING,2/20/2022,1214622,467216,194,74.622,456085,72.844,"AstraZeneca - Vaxzevria,Janssen - Ad26.COV 2-S,Moderna - Spikevax,Pfizer BioNTech - Comirnaty",12/30/2020,4
Madagascar,MDG,AFRO,REPORTING,2/15/2022,1185489,1007538,4.281,3.639,956396,3.454,"Beijing CNBG - BBIBP-CorV,Janssen - Ad26.COV 2-S,SII - Covishield",5/10/2021,3
Malawi,MWI,AFRO,REPORTING,2/20/2022,1913961,1514214,10.005,7.915,798512,4.174,"Janssen - Ad26.COV 2-S,SII - Covishield",3/11/2021,2
Malaysia,MYS,WPRO,REPORTING,2/18/2022,65868311,26485500,203.511,81.831,25741836,79.534,"AstraZeneca - Vaxzevria,Beijing CNBG - BBIBP-CorV,CanSino - Convidecia,Gamaleya - Gam-Covid-Vac,Janssen - Ad26.COV 2-S,Moderna - Spikevax,Pfizer BioNTech - Comirnaty,Sinovac - CoronaVac",2/24/2021,8
Maldives,MDV,SEARO,REPORTING,2/20/2022,889044,398088,164.472,73.646,370765,68.591,"AstraZeneca - Vaxzevria,Beijing CNBG - BBIBP-CorV,Gamaleya - Gam-Covid-Vac,Janssen - Ad26.COV 2-S,Moderna - Spikevax,Pfizer BioNTech - Comirnaty,SII - Covishield,Sinovac - CoronaVac",2/1/2021,8
Mali,MLI,AFRO,REPORTING,2/25/2022,1634711,1155936,8.072,5.708,798284,3.942,SII - Covishield,3/31/2021,1
Malta,MLT,EURO,REPORTING,2/20/2022,1192097,448134,231.7,87.09,440866,85.678,"AstraZeneca - Vaxzevria,Janssen - Ad26.COV 2-S,Moderna - Spikevax,Pfizer BioNTech - Comirnaty",12/23/2020,4
Marshall Islands,MHL,WPRO,REPORTING,2/16/2022,51939,27833,87.744,47.02,23644,39.943,"Janssen - Ad26.COV 2-S,Moderna - Spikevax,Pfizer BioNTech - Comirnaty",12/29/2020,3
Martinique,MTQ,AMRO,REPORTING,2/25/2022,368725,146841,98.257,39.13,141027,37.581,Pfizer BioNTech - Comirnaty,,1
Mauritania,MRT,AFRO,REPORTING,2/23/2022,2575171,1520227,55.384,32.695,1024055,22.024,"Beijing CNBG - BBIBP-CorV,SII - Covishield",3/26/2021,2
Mauritius,MUS,AFRO,REPORTING,2/15/2022,2353567,993298,185.063,78.104,947467,74.5,"Beijing CNBG - BBIBP-CorV,Bharat - Covaxin,SII - Covishield",1/26/2021,3
Mexico,MEX,AMRO,REPORTING,2/25/2022,179274307,85083649,139.045,65.991,78750047,61.078,"AstraZeneca - Vaxzevria,CanSino - Convidecia,Gamaleya - Gam-Covid-Vac,Janssen - Ad26.COV 2-S,Moderna - Spikevax,Pfizer BioNTech - Comirnaty,Sinovac - CoronaVac",12/24/2020,7
Micronesia (Federated States of),FSM,WPRO,REPORTING,2/16/2022,97185,57174,84.492,49.707,45863,39.873,"AstraZeneca - Vaxzevria,Janssen - Ad26.COV 2-S,Moderna - Spikevax,Pfizer BioNTech - Comirnaty",1/13/2021,4
Monaco,MCO,EURO,REPORTING,12/21/2021,65140,28875,166,73.578,25667,65.404,Pfizer BioNTech - Comirnaty,6/30/2021,1
Mongolia,MNG,WPRO,REPORTING,2/18/2022,5556224,2270849,169.485,69.269,2172188,66.26,"AstraZeneca - Vaxzevria,Beijing CNBG - BBIBP-CorV,Gamaleya - Gam-Covid-Vac,Moderna - Spikevax,Pfizer BioNTech - Comirnaty,SII - Covishield",2/23/2021,6
Montenegro,MNE,EURO,REPORTING,2/13/2022,526852,275260,83.9,44.263,251592,40.457,"AstraZeneca - Vaxzevria,Beijing CNBG - BBIBP-CorV,Gamaleya - Gam-Covid-Vac,Pfizer BioNTech - Comirnaty",2/24/2021,4
Montserrat,MSR,AMRO,REPORTING,2/25/2022,4089,1869,81.796,37.387,1749,34.987,AstraZeneca - Vaxzevria,2/8/2021,1
Morocco,MAR,EMRO,REPORTING,2/27/2022,53735588,24842826,145.583,67.305,23292458,63.105,"AstraZeneca - Vaxzevria,Beijing CNBG - BBIBP-CorV,Gamaleya - Gam-Covid-Vac,Janssen - Ad26.COV 2-S,Pfizer BioNTech - Comirnaty",1/28/2021,5
Mozambique,MOZ,AFRO,REPORTING,2/21/2022,19788759,12195082,63.313,39.017,10521232,33.662,"Beijing CNBG - BBIBP-CorV,Janssen - Ad26.COV 2-S,SII - Covishield",3/8/2021,3
Myanmar,MMR,SEARO,REPORTING,2/15/2022,42555469,22810233,78.213,41.923,19745236,36.29,"Beijing CNBG - BBIBP-CorV,SII - Covishield",1/27/2021,2
Namibia,NAM,AFRO,REPORTING,2/25/2022,814463,440661,32.054,17.343,373802,14.711,"Beijing CNBG - BBIBP-CorV,Janssen - Ad26.COV 2-S,Pfizer BioNTech - Comirnaty,SII - Covishield",3/19/2021,4
Nauru,NRU,WPRO,REPORTING,12/31/2021,15128,7764,139.634,71.663,7364,67.971,"AstraZeneca - Vaxzevria,SII - Covishield",4/9/2021,2
Nepal,NPL,SEARO,REPORTING,2/21/2022,36990447,18365638,126.954,63.032,17718276,60.811,"AstraZeneca - Vaxzevria,Beijing CNBG - BBIBP-CorV,Bharat - Covaxin,Gamaleya - Gam-Covid-Vac,Janssen - Ad26.COV 2-S,Moderna - Spikevax,Pfizer BioNTech - Comirnaty,SII - Covishield",1/27/2021,8
Netherlands,NLD,EURO,REPORTING,2/20/2022,33860098,13447203,194.5,77.249,12351489,70.955,"AstraZeneca - Vaxzevria,Janssen - Ad26.COV 2-S,Moderna - Spikevax,Pfizer BioNTech - Comirnaty",1/6/2021,4
New Caledonia,NCL,WPRO,REPORTING,2/19/2022,366169,187385,128.256,65.634,178784,62.622,"Janssen - Ad26.COV 2-S,Pfizer BioNTech - Comirnaty",1/20/2021,2
New Zealand,NZL,WPRO,REPORTING,2/18/2022,10345639,4237941,214.54,87.883,3951568,81.945,"AstraZeneca - Vaxzevria,Janssen - Ad26.COV 2-S,Novavax - Covavax,Pfizer BioNTech - Comirnaty",2/19/2021,4
Nicaragua,NIC,AMRO,REPORTING,2/25/2022,9367505,5423137,141.406,81.864,3944368,59.542,"AstraZeneca - Vaxzevria,CIGB - CIGB-66,Finlay - Soberana Plus,Finlay - Soberana-02,Gamaleya - Gam-Covid-Vac,Gamaleya - Sputnik-Light,Janssen - Ad26.COV 2-S,Pfizer BioNTech - Comirnaty,SII - Covishield",3/3/2021,9
Niger,NER,AFRO,REPORTING,2/26/2022,1840055,1474560,7.601,6.092,1049867,4.337,"Beijing CNBG - BBIBP-CorV,SII - Covishield",3/29/2021,2
Nigeria,NGA,AFRO,REPORTING,2/27/2022,26516526,17735985,12.863,8.604,8091251,3.925,SII - Covishield,3/5/2021,1
Niue,NIU,WPRO,REPORTING,11/24/2021,2628,1340,162.423,82.818,1288,79.604,Pfizer BioNTech - Comirnaty,6/8/2021,1
North Macedonia,MKD,EURO,REPORTING,2/20/2022,1823012,851356,87.5,41.004,832608,40.101,"AstraZeneca - Vaxzevria,Beijing CNBG - BBIBP-CorV,Gamaleya - Gam-Covid-Vac,Pfizer BioNTech - Comirnaty,Sinovac - CoronaVac,Wuhan CNBG - Inactivated",2/17/2021,6
Northern Mariana Islands (Commonwealth of the),MNP,WPRO,REPORTING,2/4/2022,105295,44211,182.94,76.813,42880,74.5,"Janssen - Ad26.COV 2-S,Moderna - Spikevax,Pfizer BioNTech - Comirnaty",12/19/2020,3
Norway,NOR,EURO,REPORTING,2/13/2022,11165064,4324308,208,80.563,4016748,74.834,"AstraZeneca - Vaxzevria,Janssen - Ad26.COV 2-S,Moderna - Spikevax,Pfizer BioNTech - Comirnaty",12/23/2020,4
occupied Palestinian territory,PSE,EMRO,REPORTING,1/16/2022,3425379,2079315,67.146,40.76,1530174,29.995,"AstraZeneca - Vaxzevria,Beijing CNBG - BBIBP-CorV,Gamaleya - Gam-Covid-Vac,Gamaleya - Sputnik-Light,Janssen - Ad26.COV 2-S,Moderna - Spikevax,Pfizer BioNTech - Comirnaty,Sinovac - CoronaVac",2/2/2021,8
Oman,OMN,EMRO,REPORTING,2/21/2022,6822641,3212139,133.604,62.901,2997719,58.703,"AstraZeneca - Vaxzevria,Gamaleya - Gam-Covid-Vac,Pfizer BioNTech - Comirnaty,SII - Covishield,Sinovac - CoronaVac",12/29/2020,5
Pakistan,PAK,EMRO,REPORTING,2/23/2022,210366776,124767528,95.235,56.483,96719114,43.786,"Beijing CNBG - BBIBP-CorV,Bharat - Covaxin,CanSino - Convidecia,Gamaleya - Gam-Covid-Vac,Moderna - Spikevax,Pfizer BioNTech - Comirnaty,SII - Covishield,Sinovac - CoronaVac",2/3/2021,8
Palau,PLW,WPRO,REPORTING,2/16/2022,45692,19923,252.554,110.12,17430,96.341,"Janssen - Ad26.COV 2-S,Moderna - Spikevax,Pfizer BioNTech - Comirnaty",1/3/2021,3
Panama,PAN,AMRO,REPORTING,2/25/2022,7544898,3331140,174.862,77.203,2923513,67.756,"AstraZeneca - Vaxzevria,Pfizer BioNTech - Comirnaty",1/20/2021,2
Papua New Guinea,PNG,WPRO,REPORTING,1/12/2022,388173,289772,4.339,3.239,228007,2.548,"AstraZeneca - Vaxzevria,Beijing CNBG - BBIBP-CorV,Janssen - Ad26.COV 2-S,SII - Covishield",3/30/2021,4
Paraguay,PRY,AMRO,REPORTING,2/25/2022,8070750,3786974,113.154,53.094,3185645,44.664,"AstraZeneca - Vaxzevria,Beijing CNBG - BBIBP-CorV,Bharat - Covaxin,Gamaleya - Gam-Covid-Vac,Julphar - Hayat-Vax,Moderna - Spikevax,Pfizer BioNTech - Comirnaty,Sinovac - CoronaVac",2/22/2021,8
Peru,PER,AMRO,REPORTING,2/25/2022,61695372,27499335,187.115,83.402,24113780,73.134,"AstraZeneca - Vaxzevria,Beijing CNBG - BBIBP-CorV,Pfizer BioNTech - Comirnaty",2/9/2021,3
Philippines,PHL,WPRO,REPORTING,2/17/2022,133234116,67932244,121.585,61.993,62197099,56.759,"AstraZeneca - Vaxzevria,Beijing CNBG - BBIBP-CorV,Bharat - Covaxin,Gamaleya - Gam-Covid-Vac,Gamaleya - Sputnik-Light,Janssen - Ad26.COV 2-S,Julphar - Hayat-Vax,Moderna - Spikevax,Novavax - Covavax,Pfizer BioNTech - Comirnaty,Sinovac - CoronaVac",3/1/2021,11
Pitcairn Islands,PCN,WPRO,REPORTING,11/11/2021,74,37,148,74,37,74,AstraZeneca - Vaxzevria,5/17/2021,1
Poland,POL,EURO,REPORTING,2/20/2022,53029684,22587330,139.7,59.506,22130915,58.303,"AstraZeneca - Vaxzevria,Janssen - Ad26.COV 2-S,Moderna - Spikevax,Pfizer BioNTech - Comirnaty",12/23/2020,4
Portugal,PRT,EURO,REPORTING,2/20/2022,23288435,9651664,226.2,93.811,8660752,84.118,"AstraZeneca - Vaxzevria,Janssen - Ad26.COV 2-S,Moderna - Spikevax,Pfizer BioNTech - Comirnaty",12/23/2020,4
Puerto Rico,PRI,AMRO,REPORTING,2/25/2022,6895098,3098101,241.015,108.293,2596222,90.75,"Janssen - Ad26.COV 2-S,Moderna - Spikevax,Pfizer BioNTech - Comirnaty",,3
Qatar,QAT,EMRO,REPORTING,2/27/2022,6241774,,216.649,,,,"AstraZeneca - Vaxzevria,Janssen - Ad26.COV 2-S,Moderna - Spikevax,Pfizer BioNTech - Comirnaty",12/23/2020,4
Republic of Korea,KOR,WPRO,REPORTING,2/20/2022,128111409,44727019,249.88,87.24,44229926,86.27,"AstraZeneca - Vaxzevria,Janssen - Ad26.COV 2-S,Moderna - Spikevax,Novavax - Covavax,Pfizer BioNTech - Comirnaty",2/26/2021,5
Republic of Moldova,MDA,EURO,REPORTING,2/20/2022,2059291,1074332,51,26.632,1030133,25.537,"AstraZeneca - Vaxzevria,Beijing CNBG - BBIBP-CorV,Gamaleya - Gam-Covid-Vac,Janssen - Ad26.COV 2-S,Moderna - Spikevax,Pfizer BioNTech - Comirnaty,Sinovac - CoronaVac",3/3/2021,7
Romania,ROU,EURO,REPORTING,2/20/2022,15831189,8147081,81.9,42.15,8056216,41.68,"AstraZeneca - Vaxzevria,Janssen - Ad26.COV 2-S,Moderna - Spikevax,Pfizer BioNTech - Comirnaty",1/27/2021,4
Russian Federation,RUS,EURO,OWID,2/17/2022,160816996,78284278,110.2,53.643,71601909,49.064,"SRCVB - EpiVacCorona, Gamaleya - Sputnik V",,2
Rwanda,RWA,AFRO,REPORTING,2/24/2022,18038703,8745114,139.271,67.518,7743435,59.785,"Beijing CNBG - BBIBP-CorV,Gamaleya - Gam-Covid-Vac,Janssen - Ad26.COV 2-S,Moderna - Spikevax,Pfizer BioNTech - Comirnaty,SII - Covishield,Sinovac - CoronaVac",3/5/2021,7
Saba,XCA,AMRO,REPORTING,2/25/2022,3148,1582,162.856,81.842,1566,81.014,,,
Saint Helena,SHN,AFRO,OWID,5/5/2021,7892,4361,129.995,71.833,3531,58.162,AstraZeneca - AZD1222,,1
Saint Kitts and Nevis,KNA,AMRO,REPORTING,2/25/2022,60467,31162,113.677,58.584,26294,49.432,"AstraZeneca - Vaxzevria,Pfizer BioNTech - Comirnaty,SII - Covishield",2/22/2021,3
Saint Lucia,LCA,AMRO,REPORTING,2/25/2022,116213,57622,63.288,31.38,51912,28.27,"AstraZeneca - Vaxzevria,Pfizer BioNTech - Comirnaty,SII - Covishield",2/17/2021,3
Saint Vincent and the Grenadines,VCT,AMRO,REPORTING,2/25/2022,67378,35207,60.734,31.735,29118,26.247,"AstraZeneca - Vaxzevria,Gamaleya - Gam-Covid-Vac,Gamaleya - Sputnik-Light,Pfizer BioNTech - Comirnaty,SII - Covishield",2/1/2021,5
Samoa,WSM,WPRO,REPORTING,2/16/2022,276278,145989,139.243,73.578,130289,65.665,"AstraZeneca - Vaxzevria,Pfizer BioNTech - Comirnaty",4/18/2021,2
San Marino,SMR,EURO,REPORTING,2/20/2022,64480,24583,190,71.352,21841,63.394,"Gamaleya - Gam-Covid-Vac,Pfizer BioNTech - Comirnaty",2/24/2021,2
Sao Tome and Principe,STP,AFRO,REPORTING,1/17/2022,182238,88983,83.153,40.602,61405,28.018,"AstraZeneca - Vaxzevria,SII - Covishield",3/15/2021,2
Saudi Arabia,SAU,EMRO,REPORTING,2/27/2022,60747807,25928905,174.493,74.479,24157996,69.392,"AstraZeneca - Vaxzevria,Janssen - Ad26.COV 2-S,Moderna - Spikevax,Pfizer BioNTech - Comirnaty",1/6/2021,4
Senegal,SEN,AFRO,REPORTING,2/22/2022,2473562,1440720,14.773,8.604,1028842,6.145,"Beijing CNBG - BBIBP-CorV,Janssen - Ad26.COV 2-S,SII - Covishield",2/23/2021,3
Serbia,SRB,EURO,REPORTING,1/23/2022,6612050,3356512,95.5,48.458,3255538,47,"AstraZeneca - Vaxzevria,Beijing CNBG - BBIBP-CorV,Gamaleya - Gam-Covid-Vac,Moderna - Spikevax,Pfizer BioNTech - Comirnaty",12/23/2020,5
Seychelles,SYC,AFRO,REPORTING,2/22/2022,196959,84074,200.269,85.487,79820,81.162,"Beijing CNBG - BBIBP-CorV,Gamaleya - Gam-Covid-Vac,Julphar - Hayat-Vax,SII - Covishield",1/10/2021,4
Sierra Leone,SLE,AFRO,REPORTING,2/25/2022,1813692,1480815,22.737,18.564,936846,11.744,"Beijing CNBG - BBIBP-CorV,SII - Covishield",3/15/2021,2
Singapore,SGP,WPRO,REPORTING,2/19/2022,13282386,4960920,227.036,84.797,4863511,83.132,"AstraZeneca - Vaxzevria,Beijing CNBG - BBIBP-CorV,Moderna - Spikevax,Pfizer BioNTech - Comirnaty",12/30/2020,4
Sint Eustatius,XBA,AMRO,REPORTING,2/25/2022,3110,1588,99.076,50.589,1522,48.487,,,
Sint Maarten,SXM,AMRO,REPORTING,2/25/2022,61545,27857,143.522,64.962,25848,60.277,"AstraZeneca - Vaxzevria,Moderna - Spikevax,Pfizer BioNTech - Comirnaty",2/22/2021,3
Slovakia,SVK,EURO,REPORTING,2/20/2022,7008272,2816259,128.4,51.6,2754644,50.471,"AstraZeneca - Vaxzevria,Gamaleya - Gam-Covid-Vac,Janssen - Ad26.COV 2-S,Moderna - Spikevax,Pfizer BioNTech - Comirnaty",1/6/2021,5
Slovenia,SVN,EURO,REPORTING,2/20/2022,2957432,1252953,141.1,59.782,1217641,58.097,"AstraZeneca - Vaxzevria,Janssen - Ad26.COV 2-S,Moderna - Spikevax,Pfizer BioNTech - Comirnaty",12/23/2020,4
Solomon Islands,SLB,WPRO,REPORTING,2/20/2022,301294,206118,43.864,30.008,95101,13.845,"AstraZeneca - Vaxzevria,Beijing CNBG - BBIBP-CorV,Pfizer BioNTech - Comirnaty,SII - Covishield",3/23/2021,4
Somalia,SOM,EMRO,REPORTING,2/26/2022,1794447,1450684,11.291,9.128,922190,5.802,"Beijing CNBG - BBIBP-CorV,Janssen - Ad26.COV 2-S,SII - Covishield,Sinovac - CoronaVac",3/16/2021,4
South Africa,ZAF,AFRO,REPORTING,2/27/2022,31439128,20866135,53.009,35.182,17775410,29.971,"Janssen - Ad26.COV 2-S,Pfizer BioNTech - Comirnaty",2/17/2021,2
South Sudan,SSD,AFRO,REPORTING,2/20/2022,431539,381712,3.855,3.41,333634,2.981,"Janssen - Ad26.COV 2-S,SII - Covishield",4/6/2021,2
Spain,ESP,EURO,REPORTING,2/20/2022,98615715,40929909,208.3,86.473,35998047,76.053,"AstraZeneca - Vaxzevria,Janssen - Ad26.COV 2-S,Moderna - Spikevax,Pfizer BioNTech - Comirnaty",12/30/2020,4
Sri Lanka,LKA,SEARO,REPORTING,2/21/2022,37485712,16855359,175.058,78.715,14091594,65.808,"AstraZeneca - Vaxzevria,Beijing CNBG - BBIBP-CorV,Gamaleya - Gam-Covid-Vac,Moderna - Spikevax,Pfizer BioNTech - Comirnaty,SII - Covishield",1/29/2021,6
Sudan,SDN,EMRO,REPORTING,2/15/2022,5711034,5126250,13.024,11.691,2333416,5.321,"Beijing CNBG - BBIBP-CorV,Janssen - Ad26.COV 2-S,Pfizer BioNTech - Comirnaty,SII - Covishield,Sinovac - CoronaVac",3/9/2021,5
Suriname,SUR,AMRO,REPORTING,2/25/2022,545058,265860,92.913,45.32,234910,40.044,"AstraZeneca - Vaxzevria,Beijing CNBG - BBIBP-CorV,Moderna - Spikevax,Pfizer BioNTech - Comirnaty,SII - Covishield",2/23/2021,5
Sweden,SWE,EURO,REPORTING,2/20/2022,19694254,7526952,190.7,72.882,7334879,71.022,"AstraZeneca - Vaxzevria,Moderna - Spikevax,Pfizer BioNTech - Comirnaty",12/23/2020,3
Switzerland,CHE,EURO,REPORTING,2/20/2022,11821090,6076088,136.6,70.603,5802688,67.426,"Janssen - Ad26.COV 2-S,Moderna - Spikevax,Pfizer BioNTech - Comirnaty",12/23/2020,3
Syrian Arab Republic,SYR,EMRO,REPORTING,2/21/2022,3187594,2197941,18.214,12.559,1229358,7.025,"Beijing CNBG - BBIBP-CorV,Gamaleya - Gam-Covid-Vac,Gamaleya - Sputnik-Light,Janssen - Ad26.COV 2-S,SII - Covishield,Sinovac - CoronaVac",4/1/2021,6
Tajikistan,TJK,EURO,REPORTING,2/20/2022,9279471,4916961,97.3,51.553,4107682,43.068,"AstraZeneca - Vaxzevria,Gamaleya - Gam-Covid-Vac,Moderna - Spikevax,Pfizer BioNTech - Comirnaty,SII - Covishield,Sinovac - CoronaVac",3/24/2021,6
Thailand,THA,SEARO,REPORTING,2/21/2022,121955090,53177816,174.721,76.186,49449889,70.845,"AstraZeneca - Vaxzevria,Beijing CNBG - BBIBP-CorV,Janssen - Ad26.COV 2-S,Moderna - Spikevax,Pfizer BioNTech - Comirnaty,SII - Covishield,Sinovac - CoronaVac",2/28/2021,7
The United Kingdom,GBR,EURO,REPORTING,2/22/2022,139482283,52573589,205.5,77.246,48885893,71.828,"AstraZeneca - Vaxzevria,Moderna - Spikevax,Pfizer BioNTech - Comirnaty",12/21/2020,3
Timor-Leste,TLS,SEARO,REPORTING,2/22/2022,1259011,677178,95.492,51.362,571418,43.34,"AstraZeneca - Vaxzevria,Pfizer BioNTech - Comirnaty,SII - Covishield,Sinovac - CoronaVac",4/7/2021,4
Togo,TGO,AFRO,REPORTING,1/21/2022,2515341,1415448,30.383,17.097,1075383,12.99,SII - Covishield,3/10/2021,1
Tokelau,TKL,WPRO,REPORTING,9/28/2021,1936,968,143.407,71.704,968,71.704,Pfizer BioNTech - Comirnaty,7/20/2021,1
Tonga,TON,WPRO,REPORTING,2/18/2022,157483,75868,148.998,71.78,69092,65.369,"AstraZeneca - Vaxzevria,Pfizer BioNTech - Comirnaty",4/14/2021,2
Trinidad and Tobago,TTO,AMRO,REPORTING,2/25/2022,1520535,740765,108.649,52.931,701881,50.153,"AstraZeneca - Vaxzevria,Beijing CNBG - BBIBP-CorV,Janssen - Ad26.COV 2-S,Pfizer BioNTech - Comirnaty,SII - Covishield",2/17/2021,5
Tunisia,TUN,EMRO,REPORTING,2/16/2022,14524342,8778669,122.894,74.278,6295200,53.265,"AstraZeneca - Vaxzevria,Beijing CNBG - BBIBP-CorV,Gamaleya - Gam-Covid-Vac,Janssen - Ad26.COV 2-S,Moderna - Spikevax,Pfizer BioNTech - Comirnaty,Sinovac - CoronaVac",3/13/2021,7
Turkey,TUR,EURO,OWID,2/23/2022,144850157,57623451,171.7,69.296,52715583,63.394,"Pfizer BioNTech - Comirnaty, Sinovac - CoronaVac, Turkovac",,3
Turkmenistan,TKM,EURO,REPORTING,8/29/2021,7580976,4374694,125.7,72.535,3206282,53.162,"Anhui ZL - Recombinant,AstraZeneca - Vaxzevria,Beijing CNBG - BBIBP-CorV,Gamaleya - Gam-Covid-Vac,RIBSP - QazVac,SRCVB - EpiVacCorona",2/24/2021,6
Turks and Caicos Islands,TCA,AMRO,REPORTING,2/25/2022,68176,31165,176.083,80.492,29160,75.314,Pfizer BioNTech - Comirnaty,1/11/2021,1
Tuvalu,TUV,WPRO,REPORTING,10/22/2021,12114,6230,102.731,52.832,5884,49.898,AstraZeneca - Vaxzevria,4/13/2021,1
Uganda,UGA,AFRO,REPORTING,2/21/2022,16254268,13531724,35.535,29.583,2706785,5.918,"Janssen - Ad26.COV 2-S,Moderna - Spikevax,Pfizer BioNTech - Comirnaty,SII - Covishield,Sinovac - CoronaVac",3/10/2021,5
Ukraine,UKR,EURO,REPORTING,2/20/2022,31455954,15718610,71.9,35.942,15062320,34.441,"AstraZeneca - Vaxzevria,Janssen - Ad26.COV 2-S,Moderna - Spikevax,Pfizer BioNTech - Comirnaty,SII - Covishield,Sinovac - CoronaVac",2/24/2021,6
United Arab Emirates,ARE,EMRO,REPORTING,2/27/2022,24046491,,243.13,,,,"AstraZeneca - Vaxzevria,Beijing CNBG - BBIBP-CorV,Gamaleya - Gam-Covid-Vac,Pfizer BioNTech - Comirnaty,SII - Covishield",12/14/2020,5
United Republic of Tanzania,TZA,AFRO,REPORTING,2/23/2022,4278673,721710,7.163,1.208,2350283,3.935,"Beijing CNBG - BBIBP-CorV,Janssen - Ad26.COV 2-S,Pfizer BioNTech - Comirnaty",7/28/2021,3
United States of America,USA,AMRO,REPORTING,2/25/2022,537567013,253157102,162.406,76.482,210172612,63.496,"Janssen - Ad26.COV 2-S,Moderna - Spikevax,Pfizer BioNTech - Comirnaty",12/14/2020,3
Uruguay,URY,AMRO,REPORTING,2/25/2022,7612199,2964083,219.136,85.329,2728709,78.553,"AstraZeneca - Vaxzevria,Pfizer BioNTech - Comirnaty,Sinovac - CoronaVac",2/27/2021,3
Uzbekistan,UZB,EURO,REPORTING,2/20/2022,42121870,18446210,125.9,55.114,13160671,39.322,"Anhui ZL - Recombinant,Gamaleya - Gam-Covid-Vac,Gamaleya - Sputnik-Light,Moderna - Spikevax,Pfizer BioNTech - Comirnaty,SII - Covishield,Sinovac - CoronaVac",4/28/2021,7
Vanuatu,VUT,WPRO,REPORTING,2/20/2022,197335,114284,64.248,37.208,85180,27.733,"AstraZeneca - Vaxzevria,Beijing CNBG - BBIBP-CorV,Janssen - Ad26.COV 2-S",6/2/2021,3
Venezuela (Bolivarian Republic of),VEN,AMRO,REPORTING,2/25/2022,37860994,22157232,133.145,77.92,14287370,50.244,"Beijing CNBG - BBIBP-CorV,CIGB - CIGB-66,Finlay - Soberana-02,Gamaleya - Gam-Covid-Vac,Gamaleya - Sputnik-Light,Sinovac - CoronaVac",2/22/2021,6
Viet Nam,VNM,WPRO,REPORTING,2/17/2022,190215794,79453512,195.417,81.626,75350423,77.411,"AstraZeneca - Vaxzevria,Beijing CNBG - BBIBP-CorV,CIGB - CIGB-66,Gamaleya - Gam-Covid-Vac,Moderna - Spikevax,Pfizer BioNTech - Comirnaty",3/8/2021,6
Wallis and Futuna,WLF,WPRO,REPORTING,2/18/2022,15633,6450,139.009,57.354,6399,56.9,Moderna - Spikevax,3/19/2021,1
Yemen,YEM,EMRO,REPORTING,2/17/2022,772574,614653,2.59,2.061,372918,1.25,"Janssen - Ad26.COV 2-S,SII - Covishield,Sinovac - CoronaVac",4/20/2021,3
Zambia,ZMB,AFRO,REPORTING,2/27/2022,2822009,2487149,15.35,13.529,1862614,10.132,"Beijing CNBG - BBIBP-CorV,Janssen - Ad26.COV 2-S,SII - Covishield",4/14/2021,3
Zimbabwe,ZWE,AFRO,REPORTING,2/25/2022,7841837,4347329,52.761,29.249,3381046,22.748,"Beijing CNBG - BBIBP-CorV,Bharat - Covaxin,Gamaleya - Gam-Covid-Vac,Sinovac - CoronaVac",2/18/2021,4
